Workbook
Name Slicer_Candidate: #N/A
Name Slicer_Constituency: #N/A
Name Slicer_Party: #N/A
Name Slicer_Party1: #N/A
Name Slicer_Region: #N/A
Name Slicer_Region1: #N/A
Name Slicer_Votes: #N/A

Sheet PT-1
A3: Party | B3: Count of Party
A4: BJP | B4: 4
A5: INC | B5: 2
A6: NCP(SP) | B6: 1
A7: SHS(UBT) | B7: 3
A8: Grand Total | B8: 10

Sheet PT-2
A3: Count of Party | B3: Party
A4: Region | B4: BJP | C4: INC | D4: NCP | E4: NCP(SP) | F4: SHS | G4: SHS(UBT) | H4: Grand Total
A5: Konkan | B5: 2 | C5: 1 | F5: 2 | G5: 1 | H5: 6
A6: Marathwada | B6: 1 | C6: 2 | D6: 3 | E6: 1 | G6: 1 | H6: 8
A7: Mumbai | B7: 2 | C7: 1 | D7: 1 | E7: 2 | H7: 6
A8: North Maharashtra | B8: 4 | C8: 1 | D8: 1 | H8: 6
A9: Vidarbha | B9: 1 | C9: 3 | D9: 1 | E9: 2 | F9: 1 | G9: 2 | H9: 10
A10: Western Maharashtra | B10: 4 | C10: 2 | D10: 2 | E10: 1 | G10: 3 | H10: 12
A11: Grand Total | B11: 14 | C11: 10 | D11: 8 | E11: 6 | F11: 3 | G11: 7 | H11: 48

Sheet PT-3
A3: Count of Constituency | B3: Win_Type
A4: Region | B4: Comfortable | C4: Landslide | D4: Nail-Biter | E4: Grand Total
A5: Konkan | B5: 1 | C5: 5 | E5: 6
A6: Marathwada | B6: 2 | C6: 5 | D6: 1 | E6: 8
A7: Mumbai | B7: 2 | C7: 4 | E7: 6
A8: North Maharashtra | C8: 6 | E8: 6
A9: Vidarbha | B9: 1 | C9: 7 | D9: 2 | E9: 10
A10: Western Maharashtra | B10: 3 | C10: 8 | D10: 1 | E10: 12
A11: Grand Total | B11: 9 | C11: 35 | D11: 4 | E11: 48

Sheet PT-4
A3: Win_Type | B3: Count of Win_Type
A4: Comfortable | B4: 9
A5: Landslide | B5: 35
A6: Nail-Biter | B6: 4
A7: Grand Total | B7: 48

Sheet Election_data
A1: Constituency | B1: Candidate | C1: Party | D1: Votes | E1: Runner_Up | F1: Runner_Party | G1: Runner_Votes | H1: Age | I1: Education | J1: Assets_Cr | K1: Margin | L1: Margin% | M1: Win_Type | N1: Asset_Category | O1: Region
A2: Nandurbar | B2: Sanjay More | C2: BJP | D2: 438773 | E2: Ravi Gadre | F2: IND | G2: 284827 | H2: 63 | I2: Doctorate | J2: 41.6 | K2: =D2-G2 -> 153946 | L2: =K2/D2 -> 0.35085568 | M2: =IF(L2>0.2,"Landslide",IF(L2>0.1,"Comfortable","Nail-Biter")) -> Landslide | N2: =IF(J2>30,"Ultra Rich",IF(J2>15,"Rich",IF(J2>5,"Average","Low"))) -> Ultra Rich | O2: =_xlfn.XLOOKUP(A2, region!A:A, region!B:B) -> North Maharashtra
A3: Dhule | B3: Rajesh Gadre | C3: BJP | D3: 724428 | E3: Radhakrishna Bapat | F3: IND | G3: 438459 | H3: 50 | I3: Post Graduate | J3: 2.9 | K3: =D3-G3 -> 285969 | L3: =K3/D3 -> 0.39475145 | M3: =IF(L3>0.2,"Landslide",IF(L3>0.1,"Comfortable","Nail-Biter")) -> Landslide | N3: =IF(J3>30,"Ultra Rich",IF(J3>15,"Rich",IF(J3>5,"Average","Low"))) -> Low | O3: =_xlfn.XLOOKUP(A3, region!A:A, region!B:B) -> North Maharashtra
A4: Jalgaon | B4: Dhananjay Gholap | C4: BJP | D4: 375131 | E4: Prakash Gholap | F4: IND | G4: 177592 | H4: 64 | I4: Post Graduate | J4: 34.6 | K4: =D4-G4 -> 197539 | L4: =K4/D4 -> 0.52658671 | M4: =IF(L4>0.2,"Landslide",IF(L4>0.1,"Comfortable","Nail-Biter")) -> Landslide | N4: =IF(J4>30,"Ultra Rich",IF(J4>15,"Rich",IF(J4>5,"Average","Low"))) -> Ultra Rich | O4: =_xlfn.XLOOKUP(A4, region!A:A, region!B:B) -> North Maharashtra
A5: Raver | B5: Ashok Pawar | C5: BJP | D5: 533966 | E5: Devendra Gholap | F5: SHS | G5: 332288 | H5: 71 | I5: 12th Pass | J5: 18.2 | K5: =D5-G5 -> 201678 | L5: =K5/D5 -> 0.37769821 | M5: =IF(L5>0.2,"Landslide",IF(L5>0.1,"Comfortable","Nail-Biter")) -> Landslide | N5: =IF(J5>30,"Ultra Rich",IF(J5>15,"Rich",IF(J5>5,"Average","Low"))) -> Rich | O5: =_xlfn.XLOOKUP(A5, region!A:A, region!B:B) -> North Maharashtra
A6: Buldhana | B6: Anil Danve | C6: INC | D6: 640089 | E6: Prakash Danve | F6: SHS | G6: 329104 | H6: 36 | I6: Doctorate | J6: 29 | K6: =D6-G6 -> 310985 | L6: =K6/D6 -> 0.4858465 | M6: =IF(L6>0.2,"Landslide",IF(L6>0.1,"Comfortable","Nail-Biter")) -> Landslide | N6: =IF(J6>30,"Ultra Rich",IF(J6>15,"Rich",IF(J6>5,"Average","Low"))) -> Rich | O6: =_xlfn.XLOOKUP(A6, region!A:A, region!B:B) -> Vidarbha
A7: Akola | B7: Prakash Pawar | C7: NCP(SP) | D7: 578731 | E7: Radhakrishna Rane | F7: SHS | G7: 286346 | H7: 72 | I7: Doctorate | J7: 15.5 | K7: =D7-G7 -> 292385 | L7: =K7/D7 -> 0.50521745 | M7: =IF(L7>0.2,"Landslide",IF(L7>0.1,"Comfortable","Nail-Biter")) -> Landslide | N7: =IF(J7>30,"Ultra Rich",IF(J7>15,"Rich",IF(J7>5,"Average","Low"))) -> Rich | O7: =_xlfn.XLOOKUP(A7, region!A:A, region!B:B) -> Vidarbha
A8: Amravati | B8: Sudhir Patil | C8: SHS | D8: 655868 | E8: Udayanraje Gaikwad | F8: INC | G8: 349919 | H8: 72 | I8: 12th Pass | J8: 28.8 | K8: =D8-G8 -> 305949 | L8: =K8/D8 -> 0.46647954 | M8: =IF(L8>0.2,"Landslide",IF(L8>0.1,"Comfortable","Nail-Biter")) -> Landslide | N8: =IF(J8>30,"Ultra Rich",IF(J8>15,"Rich",IF(J8>5,"Average","Low"))) -> Rich | O8: =_xlfn.XLOOKUP(A8, region!A:A, region!B:B) -> Vidarbha
A9: Wardha | B9: Prakash Shelke | C9: NCP(SP) | D9: 355055 | E9: Rajesh Danve | F9: BJP | G9: 150065 | H9: 55 | I9: 10th Pass | J9: 15.9 | K9: =D9-G9 -> 204990 | L9: =K9/D9 -> 0.57734717 | M9: =IF(L9>0.2,"Landslide",IF(L9>0.1,"Comfortable","Nail-Biter")) -> Landslide | N9: =IF(J9>30,"Ultra Rich",IF(J9>15,"Rich",IF(J9>5,"Average","Low"))) -> Rich | O9: =_xlfn.XLOOKUP(A9, region!A:A, region!B:B) -> Vidarbha
A10: Ramtek | B10: Devendra Deshmukh | C10: SHS(UBT) | D10: 686833 | E10: Radhakrishna Bhosale | F10: BJP | G10: 647801 | H10: 48 | I10: 12th Pass | J10: 8.5 | K10: =D10-G10 -> 39032 | L10: =K10/D10 -> 0.056828953 | M10: =IF(L10>0.2,"Landslide",IF(L10>0.1,"Comfortable","Nail-Biter")) -> Nail-Biter | N10: =IF(J10>30,"Ultra Rich",IF(J10>15,"Rich",IF(J10>5,"Average","Low"))) -> Average | O10: =_xlfn.XLOOKUP(A10, region!A:A, region!B:B) -> Vidarbha
A11: Nagpur | B11: Sanjay Patil | C11: NCP | D11: 362521 | E11: Prakash Danve | F11: SHS | G11: 156743 | H11: 60 | I11: Graduate | J11: 7.1 | K11: =D11-G11 -> 205778 | L11: =K11/D11 -> 0.56763056 | M11: =IF(L11>0.2,"Landslide",IF(L11>0.1,"Comfortable","Nail-Biter")) -> Landslide | N11: =IF(J11>30,"Ultra Rich",IF(J11>15,"Rich",IF(J11>5,"Average","Low"))) -> Average | O11: =_xlfn.XLOOKUP(A11, region!A:A, region!B:B) -> Vidarbha
A12: Bhandara-Gondiya | B12: Dhananjay Bhosale | C12: INC | D12: 740675 | E12: Ravi Patil | F12: NCP | G12: 680945 | H12: 47 | I12: Graduate | J12: 35.9 | K12: =D12-G12 -> 59730 | L12: =K12/D12 -> 0.080642657 | M12: =IF(L12>0.2,"Landslide",IF(L12>0.1,"Comfortable","Nail-Biter")) -> Nail-Biter | N12: =IF(J12>30,"Ultra Rich",IF(J12>15,"Rich",IF(J12>5,"Average","Low"))) -> Ultra Rich | O12: =_xlfn.XLOOKUP(A12, region!A:A, region!B:B) -> Vidarbha
A13: Gadchiroli-Chimur | B13: Radhakrishna Bhagwat | C13: BJP | D13: 466256 | E13: Sanjay Danve | F13: SHS | G13: 388497 | H13: 42 | I13: 10th Pass | J13: 18.5 | K13: =D13-G13 -> 77759 | L13: =K13/D13 -> 0.16677319 | M13: =IF(L13>0.2,"Landslide",IF(L13>0.1,"Comfortable","Nail-Biter")) -> Comfortable | N13: =IF(J13>30,"Ultra Rich",IF(J13>15,"Rich",IF(J13>5,"Average","Low"))) -> Rich | O13: =_xlfn.XLOOKUP(A13, region!A:A, region!B:B) -> Vidarbha
... A49: Hatkanangle | B49: Ashok Chavan | C49: NCP | D49: 526890 | E49: Udayanraje Tatkare | F49: INC | G49: 450521 | H49: 62 | I49: Professional | J49: 32.3 | K49: =D49-G49 -> 76369 | L49: =K49/D49 -> 0.14494297 | M49: =IF(L49>0.2,"Landslide",IF(L49>0.1,"Comfortable","Nail-Biter")) -> Comfortable | N49: =IF(J49>30,"Ultra Rich",IF(J49>15,"Rich",IF(J49>5,"Average","Low"))) -> Ultra Rich | O49: =_xlfn.XLOOKUP(A49, region!A:A, region!B:B) -> Western Maharashtra

Sheet region
A1: Constituency | B1: Region
A2: Nandurbar | B2: North Maharashtra
A3: Dhule | B3: North Maharashtra
A4: Jalgaon | B4: North Maharashtra
A5: Raver | B5: North Maharashtra
A6: Dindori | B6: North Maharashtra
A7: Nashik | B7: North Maharashtra
A8: Buldhana | B8: Vidarbha
A9: Akola | B9: Vidarbha
A10: Amravati | B10: Vidarbha
A11: Wardha | B11: Vidarbha
A12: Ramtek | B12: Vidarbha
... A49: Hatkanangle | B49: Western Maharashtra
